{"data":[
        {"Product":{
        "CellType": "Product",
        "ProductList":[
            {"ProductName":"Green Eliachy Economy",
                "img": "https://www.gstatic.com/webp/gallery3/3.png",
                "Mrp": "137.00",
                "Dmart":"105.00",
                "Save":"32",
                "Gm": "10 gm"
            },
            {"ProductName":"Sunflower Eliachy Economy",
                "img": "https://www.gstatic.com/webp/gallery3/1_webp_ll.png",
                "Mrp": "136.00",
                "Dmart":"103.00",
                "Save":"33",
                "Gm": "15 gm"
            }
        ]
    }},
    {"Banner":{
            "CellType": "Banner",
            "BannerList":[
                {"ProductName":"Powder",
                    "img": "Banner1"
                },
                {"ProductName":"Perfume",
                    "img":"Banner2"
                }
            ]
        }},

    {"Grid":{
        "CellType": "Grid",
        "GridList":[
            {"ProductName":"DMart Grocery",
                "img": "https://www.architecturalrecord.com/ext/resources/Issues/2016/May/1605-Architecture-Creativity-wHY-Louisville-Speed-Art-Museum-01.jpg"
            },
            {"ProductName":"Grocery",
                "img": "https://pbs.twimg.com/media/DTrPPZ0W0AIuItg.jpg"
            },
            {"ProductName":"Dairy",
                "img": "https://1v1d1e1lmiki1lgcvx32p49h8fe-wpengine.netdna-ssl.com/wp-content/uploads/2016/09/GettyImages-550087545-960x540.jpg"
            },
            {"ProductName":"Packaged Food",
                "img": "https://www.gstatic.com/webp/gallery3/5_webp_ll.png"
            },
            {"ProductName":"Home & Kitchen",
                "img": "https://www.gstatic.com/webp/gallery/1.jpg"
            },
            {"ProductName":"Personal Care",
                "img": "https://www.gstatic.com/webp/gallery/2.jpg"
            },
            {"ProductName":"Baby & Kids",
                "img": "https://www.gstatic.com/webp/gallery3/3.png"
            },
            {"ProductName":"Appleance",
                "img": "https://www.gstatic.com/webp/gallery3/1_webp_ll.png"
            },
            {"ProductName":"Footwear",
                "img":"https://static.seattletimes.com/wp-content/uploads/2018/01/bafe0de4-f002-11e7-ae5a-0e7cb6fd7c60-780x585.jpg"
            }
        ]
    }}
]
}

